{"products":[{"id":"0.5813408204652661","qty":5}],"totalPrice":269.95000000000005}